{
  "file": "AAPL.csv",
  "rows": 3774,
  "sharpe": 1.136098349845113,
  "annual_vol": 0.28590169046477826
}