{
  "file": "AMZN.csv",
  "rows": 3774,
  "sharpe": 0.9471208767873943,
  "annual_vol": 0.346527589575433
}