{
  "file": "GOOG.csv",
  "rows": 3774,
  "sharpe": 0.8334491943155411,
  "annual_vol": 0.2751614903189818
}