{
  "file": "META.csv",
  "rows": 2923,
  "sharpe": 0.6792460211284289,
  "annual_vol": 0.4013061101458515
}