{
  "file": "MSFT.csv",
  "rows": 3774,
  "sharpe": 0.935890926931032,
  "annual_vol": 0.2680379737431222
}