{
  "file": "NVDA.csv",
  "rows": 3774,
  "sharpe": 1.0302292559657567,
  "annual_vol": 0.459047817901422
}